Workbook

Sheet Sheet1
A1: sepal_length | B1: sepal_width | C1: petal_length | D1: petal_width | E1: species
A2: 5.1 | B2: 3.5 | C2: 1.4 | D2: 0.2 | E2: Iris-setosa
A3: 4.9 | B3: 3 | C3: 1.4 | D3: 0.2 | E3: Iris-setosa
A4: 4.7 | B4: 3.2 | C4: 1.3 | D4: 0.2 | E4: Iris-setosa
A5: 4.6 | B5: 3.1 | C5: 1.5 | D5: 0.2 | E5: Iris-setosa
A6: 5 | B6: 3.6 | C6: 1.4 | D6: 0.2 | E6: Iris-setosa
A7: 5.4 | B7: 3.9 | C7: 1.7 | D7: 0.4 | E7: Iris-setosa
A8: 4.6 | B8: 3.4 | C8: 1.4 | D8: 0.3 | E8: Iris-setosa
A9: 5 | B9: 3.4 | C9: 1.5 | D9: 0.2 | E9: Iris-setosa
A10: 4.4 | B10: 2.9 | C10: 1.4 | D10: 0.2 | E10: Iris-setosa
A11: 4.9 | B11: 3.1 | C11: 1.5 | D11: 0.1 | E11: Iris-setosa
A12: 5.4 | B12: 3.7 | C12: 1.5 | D12: 0.2 | E12: Iris-setosa
A13: 4.8 | B13: 3.4 | C13: 1.6 | D13: 0.2 | E13: Iris-setosa
... A151: 5.9 | B151: 3 | C151: 5.1 | D151: 1.8 | E151: Iris-virginica

Sheet Summary Statistics
A1: Statistic | B1: Sepal Length | C1: Sepal Width | D1: Petal Length | E1: Petal Width
A2: Mean | B2: =AVERAGE(Sheet1!A2:A151) -> 5.8433333 | C2: =AVERAGE(Sheet1!B2:B151) -> 3.054 | D2: =AVERAGE(Sheet1!C2:C151) -> 3.7586667 | E2: =AVERAGE(Sheet1!D2:D151) -> 1.1986667
A3: Median | B3: =MEDIAN(Sheet1!A2:A151) -> 5.8 | C3: =MEDIAN(Sheet1!B2:B151) -> 3 | D3: =AVERAGE(Sheet1!C2:C151) -> 3.7586667 | E3: =MEDIAN(Sheet1!D2:D151) -> 1.3
A4: Mode | B4: =_xlfn.MODE.SNGL(Sheet1!A2:A151) -> 5 | C4: =_xlfn.MODE.SNGL(Sheet1!B2:B151) -> 3 | D4: =_xlfn.MODE.SNGL(Sheet1!C2:C151) -> 1.5 | E4: =_xlfn.MODE.SNGL(Sheet1!D2:D151) -> 0.2
A5: Standard Deviation | B5: =_xlfn.STDEV.S(Sheet1!A2:A151) -> 0.82806613 | C5: =_xlfn.STDEV.S(Sheet1!B2:B151) -> 0.43359431 | D5: =_xlfn.STDEV.S(Sheet1!C2:C151) -> 1.7644204 | E5: =_xlfn.STDEV.S(Sheet1!D2:D151) -> 0.76316074
A6: 25th Percentile | B6: =_xlfn.QUARTILE.INC(Sheet1!A2:A151,1) -> 5.1 | C6: =_xlfn.QUARTILE.INC(Sheet1!B2:B151,1) -> 2.8 | D6: =_xlfn.QUARTILE.INC(Sheet1!C2:C151,1) -> 1.6 | E6: =_xlfn.QUARTILE.INC(Sheet1!D2:D151,1) -> 0.3
A7: 50th Percentile | B7: =_xlfn.QUARTILE.INC(Sheet1!A2:A151,2) -> 5.8 | C7: =_xlfn.QUARTILE.INC(Sheet1!B2:B151,2) -> 3 | D7: =_xlfn.QUARTILE.INC(Sheet1!C2:C151,2) -> 4.35 | E7: =_xlfn.QUARTILE.INC(Sheet1!D2:D151,2) -> 1.3
A8: 75th Percentile | B8: =_xlfn.QUARTILE.INC(Sheet1!A2:A151,3) -> 6.4 | C8: =_xlfn.QUARTILE.INC(Sheet1!B2:B151,3) -> 3.3 | D8: =_xlfn.QUARTILE.INC(Sheet1!C2:C151,3) -> 5.1 | E8: =_xlfn.QUARTILE.INC(Sheet1!D2:D151,3) -> 1.8
A9: Minimum | B9: =MIN(Sheet1!A2:A151) -> 4.3 | C9: =MIN(Sheet1!B2:B151) -> 2 | D9: =MIN(Sheet1!C2:C151) -> 1 | E9: =MIN(Sheet1!D2:D151) -> 0.1
A10: Maximum | B10: =MAX(Sheet1!A2:A151) -> 7.9 | C10: =MAX(Sheet1!B2:B151) -> 4.4 | D10: =MAX(Sheet1!C2:C151) -> 6.9 | E10: =MAX(Sheet1!D2:D151) -> 2.5
A12: Interpretation of Results
A13: The Iris dataset was analyzed using descriptive statistical measures, including mean, median, mode, standard deviation, and percentiles. The mean and median describe the central values of the flower measurements. Standard deviation indicates how much the measurements vary. The 25th, 50th, and 75th percentiles help explain the distribution of the data. Comparing mean and median provides clues about skewness, while standard deviation helps understand the spread of the measurements.
